<?xml version="1.0" encoding="UTF-8"?>
<testSuite name="SortedListPerformance" xmlns="http://www.sun.com/japex/testSuite">

    <param name="japex.classPath" value="target/classes"/>

    <!-- Run each test for 20 seconds -->
    <param name="japex.warmupTime" value="10"/>
    <param name="japex.runTime" value="10"/>

    <driver name="Indexed Tree">
        <param name="japex.driverClass" value="com.publicobject.glazedlists.japex.SortedListDriver"/>
        <param name="description" value="Indexed Tree"/>
        <param name="backingTree" value="indexedTree"/>
    </driver>

    <driver name="Barcode2">
        <param name="japex.driverClass" value="com.publicobject.glazedlists.japex.SortedListDriver"/>
        <param name="description" value="Barcode2"/>
        <param name="backingTree" value="barcode2"/>
    </driver>

    <testCase name="10000 Changes">
        <param name="baseSize" value="0"/>
        <param name="changeSize" value="10000"/>
    </testCase>

    <testCase name="100000 Gets">
        <param name="baseSize" value="100000"/>
        <param name="changeSize" value="0"/>
    </testCase>

</testSuite>
