<?xml version="1.0" encoding="ISO-8859-1"?>
<!--
   Copyright 2003-2004 The Apache Software Foundation

   Licensed under the Apache License, Version 2.0 (the "License");
   you may not use this file except in compliance with the License.
   You may obtain a copy of the License at

       http://www.apache.org/licenses/LICENSE-2.0

   Unless required by applicable law or agreed to in writing, software
   distributed under the License is distributed on an "AS IS" BASIS,
   WITHOUT WARRANTIES OR CONDITIONS OF ANY KIND, either express or implied.
   See the License for the specific language governing permissions and
   limitations under the License.
-->
<!DOCTYPE org.apache.commons.menus SYSTEM 'http://jakarta.apache.org/commons/build/maven-build.dtd'>
<project name="Commons Pool">
    <title>Commons Pool</title>
    <organizationLogo href="/images/jakarta-logo-blue.gif">
   		Jakarta
  	</organizationLogo>
    <body>
	    <links>
	      <item name="Jakarta Commons"                   
	            href="http://jakarta.apache.org/commons/"/>
	    </links>
    
        <menu name="Commons&#xA0;Pool">
            <item name="Overview"                      href="/index.html" />
            <item name="Javadoc"                       href="/apidocs/index.html"/>
            <item name="Developers&#xA0;Guide"         href="/guide/index.html" collapse="true">
                <item name="Class&#xA0;Diagrams"       href="/guide/classdiagrams.html"/>
                <item name="Sequence&#xA0;Diagrams"    href="/guide/sequencediagrams.html"/>
            </item>
            <item name="Examples"                      href="/examples.html"/>
            <item name="Downloads"                     href="/downloads.html"/>
            <item name="Wiki"                          href="http://wiki.apache.org/jakarta-commons/Pool"/>
        </menu>
        
        &commons;
    </body>
</project>
