<?xml version="1.0" encoding="ISO-8859-1"?>
<!DOCTYPE org.apache.commons.menus SYSTEM 'http://jakarta.apache.org/commons/build/maven-build.dtd'>
<project name="Digester">

  <title>Digester</title>
  <organizationLogo href="/images/jakarta-logo-blue.gif">
   Jakarta
  </organizationLogo>

  <body>
    <links>
      <item name="Jakarta Commons"                   
            href="http://jakarta.apache.org/commons/"/>
    </links>

    <menu name="Commons Digester">
      <item name="Overview" href="/index.html"/>
    </menu>
    
    <!--
      - Note that the links in these menu options require manual installation of the
      - appropriate dirs on the website; maven won't set this up.
      -->
    <menu name="Release 1.8 (Current)">
      <item name="Guide" href="http://jakarta.apache.org/commons/digester/commons-digester-1.8/docs/apidocs/org/apache/commons/digester/package-summary.html"/>
      <item name="Javadoc" href="http://jakarta.apache.org/commons/digester/commons-digester-1.8/docs/api"/>
      <item name="Release Notes" href="http://jakarta.apache.org/commons/digester/commons-digester-1.8/RELEASE-NOTES.txt"/>
    </menu>
    <menu name="Release 1.7">
      <item name="Guide" href="http://jakarta.apache.org/commons/digester/commons-digester-1.7/docs/apidocs/org/apache/commons/digester/package-summary.html"/>
      <item name="Javadoc" href="http://jakarta.apache.org/commons/digester/commons-digester-1.7/docs/api"/>
      <item name="Release Notes" href="http://jakarta.apache.org/commons/digester/commons-digester-1.7/RELEASE-NOTES.txt"/>
    </menu>
    <menu name="Release 1.6">
      <item name="Javadoc" href="http://jakarta.apache.org/commons/digester/commons-digester-1.6/docs/api"/>
      <item name="Release Notes" href="http://jakarta.apache.org/commons/digester/commons-digester-1.6/RELEASE-NOTES.txt"/>
    </menu>
    <menu name="Release 1.5">
      <item name="Javadoc" href="http://jakarta.apache.org/commons/digester/commons-digester-1.5/docs/api"/>
      <item name="Release Notes" href="http://jakarta.apache.org/commons/digester/commons-digester-1.5/RELEASE-NOTES.txt"/>
    </menu>
        
    
    &commons;

  </body>
</project>

