<?xml version="1.0" encoding="UTF-8"?>

<project>
  <extend>../project.xml</extend>
  <name>Validator</name>
  <id>commons-validator</id>
  <currentVersion>1.0.2</currentVersion>
  <inceptionYear>2002</inceptionYear>
  <gumpRepositoryId>jakarta</gumpRepositoryId>
  <shortDescription>Commons Validator</shortDescription>
  <logo>/images/logo.gif</logo>

  <description>
    Commons Validator component.
  </description>
  
  <url>http://jakarta.apache.org/commons/validator/</url>
  <issueTrackingUrl>http://nagoya.apache.org/bugzilla/</issueTrackingUrl>
  <siteAddress>jakarta.apache.org</siteAddress>
  <siteDirectory>/www/jakarta.apache.org/commons/validator/</siteDirectory>
  <distributionDirectory>/www/jakarta.apache.org/builds/jakarta-commons/validator/</distributionDirectory>

  <developers>
    <developer>
      <name>David Winterfeldt</name>
      <id>dwinterfeldt</id>
      <email>dwinterfeldt@apache.org</email>
      <organization></organization>
    </developer>
    <developer>
      <name>Craig McClanahan</name>
      <id>craigmcc</id>
      <email>craigmcc@apache.org</email>
      <organization></organization>
    </developer>
    <developer>
      <name>James Turner</name>
      <id>turner</id>
      <email>turner@apache.org</email>
      <organization></organization>
    </developer>
    <developer>
      <name>Martin Cooper</name>
      <id>martinc</id>
      <email>martinc@apache.org</email>
      <organization></organization>
    </developer>
  </developers>
  
  <dependencies>

    <dependency>
      <id>commons-beanutils</id>
      <version>1.5</version>
    </dependency>

    <dependency>
      <id>commons-collections</id>
      <version>2.1</version>
    </dependency>

    <dependency>
      <id>commons-digester</id>
      <version>1.3</version>
    </dependency>

    <dependency>
      <id>commons-logging</id>
      <version>1.0.2</version>
    </dependency>
    
    <dependency>
      <id>oro</id>
      <version>2.0.6</version>
    </dependency>

    <dependency>
      <id>xml-apis</id>
      <version>2.0.2</version>
    </dependency>

    <dependency>
      <id>junit</id>
      <version>3.7</version>
    </dependency>

  </dependencies>

  <build>

    <nagEmailAddress>commons-dev@jakarta.apache.org</nagEmailAddress>

    <sourceDirectory>src/share</sourceDirectory>

    <unitTest>
      <includes>
        <include>**/*Test.java</include>
      </includes>
    </unitTest>

  </build>

</project>
