<?xml version='1.0'?>
<!--
 Licensed to the Apache Software Foundation (ASF) under one or more
 contributor license agreements.  See the NOTICE file distributed with
 this work for additional information regarding copyright ownership.
 The ASF licenses this file to You under the Apache License, Version 2.0
 (the "License"); you may not use this file except in compliance with
 the License.  You may obtain a copy of the License at
  
      http://www.apache.org/licenses/LICENSE-2.0
  
 Unless required by applicable law or agreed to in writing, software
 distributed under the License is distributed on an "AS IS" BASIS,
 WITHOUT WARRANTIES OR CONDITIONS OF ANY KIND, either express or implied.
 See the License for the specific language governing permissions and
 limitations under the License.
-->
<address-book>
  <person id="1" category="acquaintance">
    <name>Gonzo</name>
    <email type="business">gonzo@muppets.com</email>
    <address>
      <type>home</type>
      <street>123 Maine Ave.</street>
      <city>Las Vegas</city>
      <state>NV</state>
      <zip>01234</zip>
      <country>USA</country>
    </address>
    <address>
      <type>business</type>
      <street>234 Maple Dr.</street>
      <city>Los Angeles</city>
      <state>CA</state>
      <zip>98765</zip>
      <country>USA</country>
    </address>
  </person>

  <person id="2" category="rolemodel">
    <name>Kermit</name>
    <email type="business">kermit@muppets.com</email>
    <email type="home">kermie@acme.com</email>
    <address>
      <type>business</type>
      <street>987 Brown Rd</street>
      <city>Las Cruces</city>
      <state>NM</state>
      <zip>75321</zip>
      <country>USA</country>
    </address>
  </person>

</address-book>